,reg point,date,volume,coverage
0,89007V625589,2021-08-01T00:00:00+02:00,4397,100.0
1,89007V625589,2021-08-02T00:00:00+02:00,7406,100.0
2,89007V625589,2021-08-03T00:00:00+02:00,7214,100.0
3,89007V625589,2021-08-04T00:00:00+02:00,7400,100.0
4,89007V625589,2021-08-05T00:00:00+02:00,7410,100.0
5,89007V625589,2021-08-06T00:00:00+02:00,7403,100.0
6,89007V625589,2021-08-07T00:00:00+02:00,4991,100.0
7,89007V625589,2021-08-08T00:00:00+02:00,4858,100.0
8,61394V604898,2021-08-01T00:00:00+02:00,7253,100.0
9,61394V604898,2021-08-02T00:00:00+02:00,14418,100.0
10,61394V604898,2021-08-03T00:00:00+02:00,14036,100.0
11,61394V604898,2021-08-04T00:00:00+02:00,14177,100.0
12,61394V604898,2021-08-05T00:00:00+02:00,14161,100.0
13,61394V604898,2021-08-06T00:00:00+02:00,13661,100.0
14,61394V604898,2021-08-07T00:00:00+02:00,9408,100.0
15,61394V604898,2021-08-08T00:00:00+02:00,8179,100.0
16,78505V2312159,2021-08-01T00:00:00+02:00,3301,100.0
17,78505V2312159,2021-08-02T00:00:00+02:00,7439,100.0
18,78505V2312159,2021-08-03T00:00:00+02:00,7376,100.0
19,78505V2312159,2021-08-04T00:00:00+02:00,7410,100.0
20,78505V2312159,2021-08-05T00:00:00+02:00,7520,100.0
21,78505V2312159,2021-08-06T00:00:00+02:00,7165,100.0
22,78505V2312159,2021-08-07T00:00:00+02:00,4000,100.0
23,78505V2312159,2021-08-08T00:00:00+02:00,3846,100.0
24,20937V625367,2021-08-01T00:00:00+02:00,9622,100.0
25,20937V625367,2021-08-02T00:00:00+02:00,12320,100.0
26,20937V625367,2021-08-03T00:00:00+02:00,12267,100.0
27,20937V625367,2021-08-04T00:00:00+02:00,12558,100.0
28,20937V625367,2021-08-05T00:00:00+02:00,12959,100.0
29,20937V625367,2021-08-06T00:00:00+02:00,12724,100.0
30,20937V625367,2021-08-07T00:00:00+02:00,10396,100.0
31,20937V625367,2021-08-08T00:00:00+02:00,10737,100.0
32,73388V3243445,2021-08-01T00:00:00+02:00,28683,100.0
33,73388V3243445,2021-08-02T00:00:00+02:00,37239,100.0
34,73388V3243445,2021-08-03T00:00:00+02:00,39157,100.0
35,73388V3243445,2021-08-04T00:00:00+02:00,40424,100.0
36,73388V3243445,2021-08-05T00:00:00+02:00,41079,100.0
37,73388V3243445,2021-08-06T00:00:00+02:00,39823,100.0
38,73388V3243445,2021-08-07T00:00:00+02:00,31866,100.0
39,73388V3243445,2021-08-08T00:00:00+02:00,33052,100.0
40,10254V625614,2021-08-01T00:00:00+02:00,918,100.0
41,10254V625614,2021-08-02T00:00:00+02:00,6259,100.0
42,10254V625614,2021-08-03T00:00:00+02:00,6536,100.0
43,10254V625614,2021-08-04T00:00:00+02:00,6488,100.0
44,10254V625614,2021-08-05T00:00:00+02:00,6555,100.0
45,10254V625614,2021-08-06T00:00:00+02:00,6611,100.0
46,10254V625614,2021-08-07T00:00:00+02:00,1300,100.0
47,10254V625614,2021-08-08T00:00:00+02:00,1091,100.0
48,39940V625245,2021-08-01T00:00:00+02:00,604,100.0
49,39940V625245,2021-08-02T00:00:00+02:00,934,100.0
50,39940V625245,2021-08-03T00:00:00+02:00,951,100.0
51,39940V625245,2021-08-04T00:00:00+02:00,842,100.0
52,39940V625245,2021-08-05T00:00:00+02:00,970,100.0
53,39940V625245,2021-08-06T00:00:00+02:00,899,100.0
54,39940V625245,2021-08-07T00:00:00+02:00,680,100.0
55,39940V625245,2021-08-08T00:00:00+02:00,665,100.0
56,84967V625637,2021-08-01T00:00:00+02:00,3930,100.0
57,84967V625637,2021-08-02T00:00:00+02:00,6549,100.0
58,84967V625637,2021-08-03T00:00:00+02:00,6435,100.0
59,84967V625637,2021-08-04T00:00:00+02:00,6428,100.0
60,84967V625637,2021-08-05T00:00:00+02:00,6530,100.0
61,84967V625637,2021-08-06T00:00:00+02:00,6450,100.0
62,84967V625637,2021-08-07T00:00:00+02:00,3979,100.0
63,84967V625637,2021-08-08T00:00:00+02:00,4594,100.0
64,24764V625406,2021-08-01T00:00:00+02:00,31873,87.5
65,24764V625406,2021-08-02T00:00:00+02:00,48320,100.0
66,24764V625406,2021-08-03T00:00:00+02:00,48176,100.0
67,24764V625406,2021-08-04T00:00:00+02:00,49380,100.0
68,24764V625406,2021-08-05T00:00:00+02:00,50306,100.0
69,24764V625406,2021-08-06T00:00:00+02:00,48793,100.0
70,24764V625406,2021-08-07T00:00:00+02:00,37837,100.0
71,24764V625406,2021-08-08T00:00:00+02:00,38507,100.0
72,42546V625326,2021-08-01T00:00:00+02:00,4479,100.0
73,42546V625326,2021-08-02T00:00:00+02:00,7334,100.0
74,42546V625326,2021-08-03T00:00:00+02:00,7783,100.0
75,42546V625326,2021-08-04T00:00:00+02:00,7844,100.0
76,42546V625326,2021-08-05T00:00:00+02:00,7869,100.0
77,42546V625326,2021-08-06T00:00:00+02:00,7769,100.0
78,42546V625326,2021-08-07T00:00:00+02:00,6271,100.0
79,42546V625326,2021-08-08T00:00:00+02:00,5532,100.0
80,41275V625443,2021-08-01T00:00:00+02:00,4652,100.0
81,41275V625443,2021-08-02T00:00:00+02:00,6564,100.0
82,41275V625443,2021-08-03T00:00:00+02:00,6555,100.0
83,41275V625443,2021-08-04T00:00:00+02:00,6599,100.0
84,41275V625443,2021-08-05T00:00:00+02:00,6847,100.0
85,41275V625443,2021-08-06T00:00:00+02:00,6610,100.0
86,41275V625443,2021-08-07T00:00:00+02:00,5318,100.0
87,41275V625443,2021-08-08T00:00:00+02:00,5503,100.0
88,73125V3145673,2021-08-01T00:00:00+02:00,988,100.0
89,73125V3145673,2021-08-02T00:00:00+02:00,1726,100.0
90,73125V3145673,2021-08-03T00:00:00+02:00,1702,100.0
91,73125V3145673,2021-08-04T00:00:00+02:00,1699,100.0
92,73125V3145673,2021-08-05T00:00:00+02:00,1725,100.0
93,73125V3145673,2021-08-06T00:00:00+02:00,1650,100.0
94,73125V3145673,2021-08-07T00:00:00+02:00,1199,100.0
95,73125V3145673,2021-08-08T00:00:00+02:00,1082,100.0
96,16477V625646,2021-08-01T00:00:00+02:00,15160,100.0
97,16477V625646,2021-08-02T00:00:00+02:00,25355,100.0
98,16477V625646,2021-08-03T00:00:00+02:00,24972,100.0
99,16477V625646,2021-08-04T00:00:00+02:00,25261,100.0
100,16477V625646,2021-08-05T00:00:00+02:00,26182,100.0
101,16477V625646,2021-08-06T00:00:00+02:00,24969,100.0
102,16477V625646,2021-08-07T00:00:00+02:00,18539,100.0
103,16477V625646,2021-08-08T00:00:00+02:00,16982,100.0
104,07144V625582,2021-08-01T00:00:00+02:00,11910,100.0
105,07144V625582,2021-08-02T00:00:00+02:00,16672,100.0
106,07144V625582,2021-08-03T00:00:00+02:00,16551,99.84
107,07144V625582,2021-08-04T00:00:00+02:00,16842,100.0
108,07144V625582,2021-08-05T00:00:00+02:00,17176,100.0
109,07144V625582,2021-08-06T00:00:00+02:00,17086,100.0
110,07144V625582,2021-08-07T00:00:00+02:00,14434,100.0
111,07144V625582,2021-08-08T00:00:00+02:00,13824,100.0
112,70429B619257,2021-08-01T00:00:00+02:00,954,100.0
113,70429B619257,2021-08-02T00:00:00+02:00,3203,100.0
114,70429B619257,2021-08-03T00:00:00+02:00,3128,100.0
115,70429B619257,2021-08-04T00:00:00+02:00,3119,100.0
116,70429B619257,2021-08-05T00:00:00+02:00,3014,100.0
117,70429B619257,2021-08-06T00:00:00+02:00,2349,100.0
118,70429B619257,2021-08-07T00:00:00+02:00,1545,100.0
119,70429B619257,2021-08-08T00:00:00+02:00,2332,100.0
120,43746V625550,2021-08-01T00:00:00+02:00,1163,100.0
121,43746V625550,2021-08-02T00:00:00+02:00,2430,100.0
122,43746V625550,2021-08-03T00:00:00+02:00,2455,100.0
123,43746V625550,2021-08-04T00:00:00+02:00,2383,100.0
124,43746V625550,2021-08-05T00:00:00+02:00,2516,100.0
125,43746V625550,2021-08-06T00:00:00+02:00,2456,100.0
126,43746V625550,2021-08-07T00:00:00+02:00,1259,100.0
127,43746V625550,2021-08-08T00:00:00+02:00,1234,100.0
128,79854V625215,2021-08-01T00:00:00+02:00,47524,100.0
129,79854V625215,2021-08-02T00:00:00+02:00,53732,100.0
130,79854V625215,2021-08-03T00:00:00+02:00,50539,100.0
131,79854V625215,2021-08-04T00:00:00+02:00,51890,100.0
132,79854V625215,2021-08-05T00:00:00+02:00,54008,100.0
133,79854V625215,2021-08-06T00:00:00+02:00,56896,100.0
134,79854V625215,2021-08-07T00:00:00+02:00,43128,100.0
135,79854V625215,2021-08-08T00:00:00+02:00,49361,100.0
136,68441V625561,2021-08-01T00:00:00+02:00,4692,100.0
137,68441V625561,2021-08-02T00:00:00+02:00,7684,100.0
138,68441V625561,2021-08-03T00:00:00+02:00,7691,100.0
139,68441V625561,2021-08-04T00:00:00+02:00,7555,100.0
140,68441V625561,2021-08-05T00:00:00+02:00,7768,100.0
141,68441V625561,2021-08-06T00:00:00+02:00,8069,100.0
142,68441V625561,2021-08-07T00:00:00+02:00,6450,100.0
143,68441V625561,2021-08-08T00:00:00+02:00,5056,100.0
144,94543V2783687,2021-08-01T00:00:00+02:00,17628,100.0
145,94543V2783687,2021-08-02T00:00:00+02:00,27980,100.0
146,94543V2783687,2021-08-03T00:00:00+02:00,28037,100.0
147,94543V2783687,2021-08-04T00:00:00+02:00,28387,100.0
148,94543V2783687,2021-08-05T00:00:00+02:00,28738,100.0
149,94543V2783687,2021-08-06T00:00:00+02:00,27959,100.0
150,94543V2783687,2021-08-07T00:00:00+02:00,20090,100.0
151,94543V2783687,2021-08-08T00:00:00+02:00,20772,100.0
152,66549V625612,2021-08-01T00:00:00+02:00,9759,100.0
153,66549V625612,2021-08-02T00:00:00+02:00,28577,100.0
154,66549V625612,2021-08-03T00:00:00+02:00,27605,100.0
155,66549V625612,2021-08-04T00:00:00+02:00,27520,100.0
156,66549V625612,2021-08-05T00:00:00+02:00,27640,100.0
157,66549V625612,2021-08-06T00:00:00+02:00,26631,100.0
158,66549V625612,2021-08-07T00:00:00+02:00,18093,100.0
159,66549V625612,2021-08-08T00:00:00+02:00,10886,100.0
160,82177V625405,2021-08-01T00:00:00+02:00,33264,100.0
161,82177V625405,2021-08-02T00:00:00+02:00,49394,100.0
162,82177V625405,2021-08-03T00:00:00+02:00,49174,100.0
163,82177V625405,2021-08-04T00:00:00+02:00,50221,100.0
164,82177V625405,2021-08-05T00:00:00+02:00,51255,100.0
165,82177V625405,2021-08-06T00:00:00+02:00,49680,100.0
166,82177V625405,2021-08-07T00:00:00+02:00,37055,100.0
167,82177V625405,2021-08-08T00:00:00+02:00,39834,100.0
168,03375V625405,2021-08-01T00:00:00+02:00,33111,100.0
169,03375V625405,2021-08-02T00:00:00+02:00,46657,100.0
170,03375V625405,2021-08-03T00:00:00+02:00,46376,100.0
171,03375V625405,2021-08-04T00:00:00+02:00,47146,100.0
172,03375V625405,2021-08-05T00:00:00+02:00,47816,100.0
173,03375V625405,2021-08-06T00:00:00+02:00,45786,100.0
174,03375V625405,2021-08-07T00:00:00+02:00,35512,100.0
175,03375V625405,2021-08-08T00:00:00+02:00,37413,100.0
176,20927V625367,2021-08-01T00:00:00+02:00,9225,100.0
177,20927V625367,2021-08-02T00:00:00+02:00,11813,100.0
178,20927V625367,2021-08-03T00:00:00+02:00,11774,100.0
179,20927V625367,2021-08-04T00:00:00+02:00,11872,100.0
180,20927V625367,2021-08-05T00:00:00+02:00,12280,100.0
181,20927V625367,2021-08-06T00:00:00+02:00,12204,100.0
182,20927V625367,2021-08-07T00:00:00+02:00,10094,100.0
183,20927V625367,2021-08-08T00:00:00+02:00,10592,100.0
184,87424V625212,2021-08-01T00:00:00+02:00,29108,100.0
185,87424V625212,2021-08-02T00:00:00+02:00,40488,100.0
186,87424V625212,2021-08-03T00:00:00+02:00,39514,100.0
187,87424V625212,2021-08-04T00:00:00+02:00,40245,100.0
188,87424V625212,2021-08-05T00:00:00+02:00,41373,100.0
189,87424V625212,2021-08-06T00:00:00+02:00,39772,100.0
190,87424V625212,2021-08-07T00:00:00+02:00,33453,100.0
191,87424V625212,2021-08-08T00:00:00+02:00,33472,100.0
192,12723V3243442,2021-08-01T00:00:00+02:00,27099,100.0
193,12723V3243442,2021-08-02T00:00:00+02:00,40177,100.0
194,12723V3243442,2021-08-03T00:00:00+02:00,37423,100.0
195,12723V3243442,2021-08-04T00:00:00+02:00,38047,100.0
196,12723V3243442,2021-08-05T00:00:00+02:00,39054,100.0
197,12723V3243442,2021-08-06T00:00:00+02:00,37813,100.0
198,12723V3243442,2021-08-07T00:00:00+02:00,30894,100.0
199,12723V3243442,2021-08-08T00:00:00+02:00,32497,100.0
200,27193V2516106,2021-08-01T00:00:00+02:00,2048,100.0
201,27193V2516106,2021-08-02T00:00:00+02:00,3530,100.0
202,27193V2516106,2021-08-03T00:00:00+02:00,3595,100.0
203,27193V2516106,2021-08-04T00:00:00+02:00,3488,100.0
204,27193V2516106,2021-08-05T00:00:00+02:00,3654,100.0
205,27193V2516106,2021-08-06T00:00:00+02:00,3501,100.0
206,27193V2516106,2021-08-07T00:00:00+02:00,2598,100.0
207,27193V2516106,2021-08-08T00:00:00+02:00,2304,100.0
208,89041V625265,2021-08-01T00:00:00+02:00,9278,100.0
209,89041V625265,2021-08-02T00:00:00+02:00,14916,100.0
210,89041V625265,2021-08-03T00:00:00+02:00,14399,100.0
211,89041V625265,2021-08-04T00:00:00+02:00,14380,100.0
212,89041V625265,2021-08-05T00:00:00+02:00,14884,100.0
213,89041V625265,2021-08-06T00:00:00+02:00,14850,100.0
214,89041V625265,2021-08-07T00:00:00+02:00,11180,100.0
215,89041V625265,2021-08-08T00:00:00+02:00,10342,100.0
216,99353V625530,2021-08-01T00:00:00+02:00,6897,100.0
217,99353V625530,2021-08-02T00:00:00+02:00,13780,100.0
218,99353V625530,2021-08-03T00:00:00+02:00,13774,100.0
219,99353V625530,2021-08-04T00:00:00+02:00,13759,100.0
220,99353V625530,2021-08-05T00:00:00+02:00,13826,100.0
221,99353V625530,2021-08-06T00:00:00+02:00,13718,100.0
222,99353V625530,2021-08-07T00:00:00+02:00,9494,100.0
223,99353V625530,2021-08-08T00:00:00+02:00,7560,100.0
224,83502V625530,2021-08-01T00:00:00+02:00,5696,100.0
225,83502V625530,2021-08-02T00:00:00+02:00,10960,100.0
226,83502V625530,2021-08-03T00:00:00+02:00,10820,100.0
227,83502V625530,2021-08-04T00:00:00+02:00,10739,100.0
228,83502V625530,2021-08-05T00:00:00+02:00,10838,100.0
229,83502V625530,2021-08-06T00:00:00+02:00,10846,100.0
230,83502V625530,2021-08-07T00:00:00+02:00,6540,100.0
231,83502V625530,2021-08-08T00:00:00+02:00,6538,100.0
232,71608V603756,2021-08-01T00:00:00+02:00,10479,100.0
233,71608V603756,2021-08-02T00:00:00+02:00,13317,100.0
234,71608V603756,2021-08-03T00:00:00+02:00,13324,99.89
235,71608V603756,2021-08-04T00:00:00+02:00,13606,100.0
236,71608V603756,2021-08-05T00:00:00+02:00,13815,100.0
237,71608V603756,2021-08-06T00:00:00+02:00,13838,100.0
238,71608V603756,2021-08-07T00:00:00+02:00,12469,100.0
239,71608V603756,2021-08-08T00:00:00+02:00,11857,100.0
240,89040V2545188,2021-08-01T00:00:00+02:00,18369,100.0
241,89040V2545188,2021-08-02T00:00:00+02:00,25328,100.0
242,89040V2545188,2021-08-03T00:00:00+02:00,25037,100.0
243,89040V2545188,2021-08-04T00:00:00+02:00,25252,100.0
244,89040V2545188,2021-08-05T00:00:00+02:00,26278,100.0
245,89040V2545188,2021-08-06T00:00:00+02:00,24471,100.0
246,89040V2545188,2021-08-07T00:00:00+02:00,22162,100.0
247,89040V2545188,2021-08-08T00:00:00+02:00,23516,100.0
248,55912B613537,2021-08-01T00:00:00+02:00,323,100.0
249,55912B613537,2021-08-02T00:00:00+02:00,1485,100.0
250,55912B613537,2021-08-03T00:00:00+02:00,1512,100.0
251,55912B613537,2021-08-04T00:00:00+02:00,1483,100.0
252,55912B613537,2021-08-05T00:00:00+02:00,1392,100.0
253,55912B613537,2021-08-06T00:00:00+02:00,1174,100.0
254,55912B613537,2021-08-07T00:00:00+02:00,521,100.0
255,55912B613537,2021-08-08T00:00:00+02:00,748,100.0
256,38023V625278,2021-08-01T00:00:00+02:00,4523,100.0
257,38023V625278,2021-08-02T00:00:00+02:00,7120,100.0
258,38023V625278,2021-08-03T00:00:00+02:00,6877,100.0
259,38023V625278,2021-08-04T00:00:00+02:00,6865,100.0
260,38023V625278,2021-08-05T00:00:00+02:00,6908,100.0
261,38023V625278,2021-08-06T00:00:00+02:00,6943,100.0
262,38023V625278,2021-08-07T00:00:00+02:00,5129,100.0
263,38023V625278,2021-08-08T00:00:00+02:00,4732,100.0
264,47635V625643,2021-08-01T00:00:00+02:00,4884,100.0
265,47635V625643,2021-08-02T00:00:00+02:00,7438,100.0
266,47635V625643,2021-08-03T00:00:00+02:00,7456,100.0
267,47635V625643,2021-08-04T00:00:00+02:00,7461,100.0
268,47635V625643,2021-08-05T00:00:00+02:00,7432,100.0
269,47635V625643,2021-08-06T00:00:00+02:00,7368,100.0
270,47635V625643,2021-08-07T00:00:00+02:00,5841,100.0
271,47635V625643,2021-08-08T00:00:00+02:00,5084,100.0
272,11462V625377,2021-08-01T00:00:00+02:00,1080,100.0
273,11462V625377,2021-08-02T00:00:00+02:00,1613,100.0
274,11462V625377,2021-08-03T00:00:00+02:00,1600,100.0
275,11462V625377,2021-08-04T00:00:00+02:00,1552,100.0
276,11462V625377,2021-08-05T00:00:00+02:00,1609,100.0
277,11462V625377,2021-08-06T00:00:00+02:00,1618,100.0
278,11462V625377,2021-08-07T00:00:00+02:00,1244,100.0
279,11462V625377,2021-08-08T00:00:00+02:00,1161,100.0
280,05185V2783689,2021-08-01T00:00:00+02:00,18194,100.0
281,05185V2783689,2021-08-02T00:00:00+02:00,27302,100.0
282,05185V2783689,2021-08-03T00:00:00+02:00,27400,100.0
283,05185V2783689,2021-08-04T00:00:00+02:00,27403,100.0
284,05185V2783689,2021-08-05T00:00:00+02:00,28525,100.0
285,05185V2783689,2021-08-06T00:00:00+02:00,27562,100.0
286,05185V2783689,2021-08-07T00:00:00+02:00,20173,100.0
287,05185V2783689,2021-08-08T00:00:00+02:00,21341,100.0
288,73166V2312244,2021-08-01T00:00:00+02:00,4294,100.0
289,73166V2312244,2021-08-02T00:00:00+02:00,11645,100.0
290,73166V2312244,2021-08-03T00:00:00+02:00,11541,100.0
291,73166V2312244,2021-08-04T00:00:00+02:00,11582,100.0
292,73166V2312244,2021-08-05T00:00:00+02:00,11838,100.0
293,73166V2312244,2021-08-06T00:00:00+02:00,11081,100.0
294,73166V2312244,2021-08-07T00:00:00+02:00,5963,100.0
295,73166V2312244,2021-08-08T00:00:00+02:00,4956,100.0
296,22325V625540,2021-08-01T00:00:00+02:00,994,100.0
297,22325V625540,2021-08-02T00:00:00+02:00,4092,100.0
298,22325V625540,2021-08-03T00:00:00+02:00,4019,100.0
299,22325V625540,2021-08-04T00:00:00+02:00,3926,100.0
300,22325V625540,2021-08-05T00:00:00+02:00,4032,100.0
301,22325V625540,2021-08-06T00:00:00+02:00,3750,100.0
302,22325V625540,2021-08-07T00:00:00+02:00,1881,100.0
303,22325V625540,2021-08-08T00:00:00+02:00,1168,100.0
304,30017V625457,2021-08-01T00:00:00+02:00,837,100.0
305,30017V625457,2021-08-02T00:00:00+02:00,1757,100.0
306,30017V625457,2021-08-03T00:00:00+02:00,1683,100.0
307,30017V625457,2021-08-04T00:00:00+02:00,1671,100.0
308,30017V625457,2021-08-05T00:00:00+02:00,1697,100.0
309,30017V625457,2021-08-06T00:00:00+02:00,1658,100.0
310,30017V625457,2021-08-07T00:00:00+02:00,1188,100.0
311,30017V625457,2021-08-08T00:00:00+02:00,1042,100.0
312,20690V625530,2021-08-01T00:00:00+02:00,6445,100.0
313,20690V625530,2021-08-02T00:00:00+02:00,12487,100.0
314,20690V625530,2021-08-03T00:00:00+02:00,12170,100.0
315,20690V625530,2021-08-04T00:00:00+02:00,12337,100.0
316,20690V625530,2021-08-05T00:00:00+02:00,12770,100.0
317,20690V625530,2021-08-06T00:00:00+02:00,12219,100.0
318,20690V625530,2021-08-07T00:00:00+02:00,7194,100.0
319,20690V625530,2021-08-08T00:00:00+02:00,7168,100.0
320,40889V625215,2021-08-01T00:00:00+02:00,36971,100.0
321,40889V625215,2021-08-02T00:00:00+02:00,47818,100.0
322,40889V625215,2021-08-03T00:00:00+02:00,46444,100.0
323,40889V625215,2021-08-04T00:00:00+02:00,47263,100.0
324,40889V625215,2021-08-05T00:00:00+02:00,49360,100.0
325,40889V625215,2021-08-06T00:00:00+02:00,50197,100.0
326,40889V625215,2021-08-07T00:00:00+02:00,37191,100.0
327,40889V625215,2021-08-08T00:00:00+02:00,38382,100.0
328,79676V625225,2021-08-01T00:00:00+02:00,5225,100.0
329,79676V625225,2021-08-02T00:00:00+02:00,7774,100.0
330,79676V625225,2021-08-03T00:00:00+02:00,7603,100.0
331,79676V625225,2021-08-04T00:00:00+02:00,7779,100.0
332,79676V625225,2021-08-05T00:00:00+02:00,7763,100.0
333,79676V625225,2021-08-06T00:00:00+02:00,7671,100.0
334,79676V625225,2021-08-07T00:00:00+02:00,6369,100.0
335,79676V625225,2021-08-08T00:00:00+02:00,6257,100.0
336,57234V2491268,2021-08-01T00:00:00+02:00,879,100.0
337,57234V2491268,2021-08-02T00:00:00+02:00,2572,100.0
338,57234V2491268,2021-08-03T00:00:00+02:00,3058,100.0
339,57234V2491268,2021-08-04T00:00:00+02:00,3176,100.0
340,57234V2491268,2021-08-05T00:00:00+02:00,2743,100.0
341,57234V2491268,2021-08-06T00:00:00+02:00,3264,100.0
342,57234V2491268,2021-08-07T00:00:00+02:00,1010,100.0
343,57234V2491268,2021-08-08T00:00:00+02:00,981,100.0
344,44756V1863949,2021-08-01T00:00:00+02:00,28205,100.0
345,44756V1863949,2021-08-02T00:00:00+02:00,38470,100.0
346,44756V1863949,2021-08-03T00:00:00+02:00,40693,100.0
347,44756V1863949,2021-08-04T00:00:00+02:00,41914,100.0
348,44756V1863949,2021-08-05T00:00:00+02:00,42545,100.0
349,44756V1863949,2021-08-06T00:00:00+02:00,41473,100.0
350,44756V1863949,2021-08-07T00:00:00+02:00,32353,100.0
351,44756V1863949,2021-08-08T00:00:00+02:00,33415,100.0
352,06809V625280,2021-08-01T00:00:00+02:00,3894,100.0
353,06809V625280,2021-08-02T00:00:00+02:00,6709,100.0
354,06809V625280,2021-08-03T00:00:00+02:00,6406,100.0
355,06809V625280,2021-08-04T00:00:00+02:00,6372,100.0
356,06809V625280,2021-08-05T00:00:00+02:00,6582,100.0
357,06809V625280,2021-08-06T00:00:00+02:00,6601,100.0
358,06809V625280,2021-08-07T00:00:00+02:00,4843,100.0
359,06809V625280,2021-08-08T00:00:00+02:00,4203,100.0
360,14598V625562,2021-08-01T00:00:00+02:00,2974,100.0
361,14598V625562,2021-08-02T00:00:00+02:00,5059,100.0
362,14598V625562,2021-08-03T00:00:00+02:00,5002,100.0
363,14598V625562,2021-08-04T00:00:00+02:00,4990,100.0
364,14598V625562,2021-08-05T00:00:00+02:00,5112,100.0
365,14598V625562,2021-08-06T00:00:00+02:00,5306,100.0
366,14598V625562,2021-08-07T00:00:00+02:00,4383,100.0
367,14598V625562,2021-08-08T00:00:00+02:00,3130,100.0
368,91761V625485,2021-08-01T00:00:00+02:00,4648,100.0
369,91761V625485,2021-08-02T00:00:00+02:00,5852,100.0
370,91761V625485,2021-08-03T00:00:00+02:00,5627,100.0
371,91761V625485,2021-08-04T00:00:00+02:00,6130,100.0
372,91761V625485,2021-08-05T00:00:00+02:00,6029,100.0
373,91761V625485,2021-08-06T00:00:00+02:00,5777,100.0
374,91761V625485,2021-08-07T00:00:00+02:00,5312,100.0
375,91761V625485,2021-08-08T00:00:00+02:00,6029,100.0
376,88187V625613,2021-08-01T00:00:00+02:00,7981,100.0
377,88187V625613,2021-08-02T00:00:00+02:00,18222,100.0
378,88187V625613,2021-08-03T00:00:00+02:00,18012,100.0
379,88187V625613,2021-08-04T00:00:00+02:00,17960,100.0
380,88187V625613,2021-08-05T00:00:00+02:00,18160,100.0
381,88187V625613,2021-08-06T00:00:00+02:00,17741,100.0
382,88187V625613,2021-08-07T00:00:00+02:00,12052,100.0
383,88187V625613,2021-08-08T00:00:00+02:00,9053,100.0
384,80890V625375,2021-08-01T00:00:00+02:00,4168,100.0
385,80890V625375,2021-08-02T00:00:00+02:00,5349,100.0
386,80890V625375,2021-08-03T00:00:00+02:00,5322,100.0
387,80890V625375,2021-08-04T00:00:00+02:00,5453,100.0
388,80890V625375,2021-08-05T00:00:00+02:00,5447,100.0
389,80890V625375,2021-08-06T00:00:00+02:00,5352,100.0
390,80890V625375,2021-08-07T00:00:00+02:00,4652,100.0
391,80890V625375,2021-08-08T00:00:00+02:00,4785,100.0
392,87734V2312218,2021-08-01T00:00:00+02:00,22318,100.0
393,87734V2312218,2021-08-02T00:00:00+02:00,35550,100.0
394,87734V2312218,2021-08-03T00:00:00+02:00,35272,100.0
395,87734V2312218,2021-08-04T00:00:00+02:00,35188,100.0
396,87734V2312218,2021-08-05T00:00:00+02:00,36386,100.0
397,87734V2312218,2021-08-06T00:00:00+02:00,35069,100.0
398,87734V2312218,2021-08-07T00:00:00+02:00,25885,100.0
399,87734V2312218,2021-08-08T00:00:00+02:00,25507,100.0
400,66346V625214,2021-08-01T00:00:00+02:00,12550,100.0
401,66346V625214,2021-08-02T00:00:00+02:00,18037,100.0
402,66346V625214,2021-08-03T00:00:00+02:00,17094,100.0
403,66346V625214,2021-08-04T00:00:00+02:00,17463,100.0
404,66346V625214,2021-08-05T00:00:00+02:00,18015,100.0
405,66346V625214,2021-08-06T00:00:00+02:00,17615,100.0
406,66346V625214,2021-08-07T00:00:00+02:00,13674,100.0
407,66346V625214,2021-08-08T00:00:00+02:00,13794,100.0
408,79755V625294,2021-08-01T00:00:00+02:00,65668,100.0
409,79755V625294,2021-08-02T00:00:00+02:00,90917,100.0
410,79755V625294,2021-08-03T00:00:00+02:00,90223,100.0
411,79755V625294,2021-08-04T00:00:00+02:00,92195,100.0
412,79755V625294,2021-08-05T00:00:00+02:00,94363,100.0
413,79755V625294,2021-08-06T00:00:00+02:00,90997,100.0
414,79755V625294,2021-08-07T00:00:00+02:00,75486,100.0
415,79755V625294,2021-08-08T00:00:00+02:00,76293,100.0
416,45557V625215,2021-08-01T00:00:00+02:00,36556,100.0
417,45557V625215,2021-08-02T00:00:00+02:00,46884,100.0
418,45557V625215,2021-08-03T00:00:00+02:00,45220,100.0
419,45557V625215,2021-08-04T00:00:00+02:00,46387,100.0
420,45557V625215,2021-08-05T00:00:00+02:00,47427,100.0
421,45557V625215,2021-08-06T00:00:00+02:00,47339,100.0
422,45557V625215,2021-08-07T00:00:00+02:00,36421,100.0
423,45557V625215,2021-08-08T00:00:00+02:00,40157,100.0
424,31290V625405,2021-08-01T00:00:00+02:00,32453,100.0
425,31290V625405,2021-08-02T00:00:00+02:00,54079,100.0
426,31290V625405,2021-08-03T00:00:00+02:00,53862,100.0
427,31290V625405,2021-08-04T00:00:00+02:00,54599,100.0
428,31290V625405,2021-08-05T00:00:00+02:00,55803,100.0
429,31290V625405,2021-08-06T00:00:00+02:00,53641,100.0
430,31290V625405,2021-08-07T00:00:00+02:00,37821,100.0
431,31290V625405,2021-08-08T00:00:00+02:00,38424,100.0
432,26619V625212,2021-08-01T00:00:00+02:00,43396,100.0
433,26619V625212,2021-08-02T00:00:00+02:00,58706,100.0
434,26619V625212,2021-08-03T00:00:00+02:00,57852,100.0
435,26619V625212,2021-08-04T00:00:00+02:00,59286,100.0
436,26619V625212,2021-08-05T00:00:00+02:00,60851,100.0
437,26619V625212,2021-08-06T00:00:00+02:00,60812,100.0
438,26619V625212,2021-08-07T00:00:00+02:00,47609,100.0
439,26619V625212,2021-08-08T00:00:00+02:00,49245,100.0
440,47408V625213,2021-08-01T00:00:00+02:00,54244,100.0
441,47408V625213,2021-08-02T00:00:00+02:00,74343,100.0
442,47408V625213,2021-08-03T00:00:00+02:00,72951,100.0
443,47408V625213,2021-08-04T00:00:00+02:00,74163,100.0
444,47408V625213,2021-08-05T00:00:00+02:00,76085,100.0
445,47408V625213,2021-08-06T00:00:00+02:00,73475,100.0
446,47408V625213,2021-08-07T00:00:00+02:00,56827,100.0
447,47408V625213,2021-08-08T00:00:00+02:00,59197,100.0
448,33431V625542,2021-08-01T00:00:00+02:00,634,100.0
449,33431V625542,2021-08-02T00:00:00+02:00,2838,100.0
450,33431V625542,2021-08-03T00:00:00+02:00,2891,100.0
451,33431V625542,2021-08-04T00:00:00+02:00,2720,100.0
452,33431V625542,2021-08-05T00:00:00+02:00,2928,100.0
453,33431V625542,2021-08-06T00:00:00+02:00,2585,100.0
454,33431V625542,2021-08-07T00:00:00+02:00,1161,100.0
455,33431V625542,2021-08-08T00:00:00+02:00,734,100.0
456,34157V2312145,2021-08-01T00:00:00+02:00,3565,100.0
457,34157V2312145,2021-08-02T00:00:00+02:00,7121,100.0
458,34157V2312145,2021-08-03T00:00:00+02:00,6939,100.0
459,34157V2312145,2021-08-04T00:00:00+02:00,7056,100.0
460,34157V2312145,2021-08-05T00:00:00+02:00,7247,100.0
461,34157V2312145,2021-08-06T00:00:00+02:00,7055,100.0
462,34157V2312145,2021-08-07T00:00:00+02:00,4215,100.0
463,34157V2312145,2021-08-08T00:00:00+02:00,3795,100.0
464,23392V625266,2021-08-01T00:00:00+02:00,8845,100.0
465,23392V625266,2021-08-02T00:00:00+02:00,13358,100.0
466,23392V625266,2021-08-03T00:00:00+02:00,13048,100.0
467,23392V625266,2021-08-04T00:00:00+02:00,13285,100.0
468,23392V625266,2021-08-05T00:00:00+02:00,13517,100.0
469,23392V625266,2021-08-06T00:00:00+02:00,13224,100.0
470,23392V625266,2021-08-07T00:00:00+02:00,10107,100.0
471,23392V625266,2021-08-08T00:00:00+02:00,9948,100.0
472,40977V625551,2021-08-01T00:00:00+02:00,3399,100.0
473,40977V625551,2021-08-02T00:00:00+02:00,6290,100.0
474,40977V625551,2021-08-03T00:00:00+02:00,6172,100.0
475,40977V625551,2021-08-04T00:00:00+02:00,6231,100.0
476,40977V625551,2021-08-05T00:00:00+02:00,6331,100.0
477,40977V625551,2021-08-06T00:00:00+02:00,6326,100.0
478,40977V625551,2021-08-07T00:00:00+02:00,4483,100.0
479,40977V625551,2021-08-08T00:00:00+02:00,3536,100.0
480,13999V625502,2021-08-01T00:00:00+02:00,5861,100.0
481,13999V625502,2021-08-02T00:00:00+02:00,6314,100.0
482,13999V625502,2021-08-03T00:00:00+02:00,6535,100.0
483,13999V625502,2021-08-04T00:00:00+02:00,6615,100.0
484,13999V625502,2021-08-05T00:00:00+02:00,6601,100.0
485,13999V625502,2021-08-06T00:00:00+02:00,6946,100.0
486,13999V625502,2021-08-07T00:00:00+02:00,5856,100.0
487,13999V625502,2021-08-08T00:00:00+02:00,6239,100.0
488,62363V625649,2021-08-01T00:00:00+02:00,27614,100.0
489,62363V625649,2021-08-02T00:00:00+02:00,41501,100.0
490,62363V625649,2021-08-03T00:00:00+02:00,40711,100.0
491,62363V625649,2021-08-04T00:00:00+02:00,41081,100.0
492,62363V625649,2021-08-05T00:00:00+02:00,41203,100.0
493,62363V625649,2021-08-06T00:00:00+02:00,41304,100.0
494,62363V625649,2021-08-07T00:00:00+02:00,32507,100.0
495,62363V625649,2021-08-08T00:00:00+02:00,32739,100.0
496,89094V3154514,2021-08-01T00:00:00+02:00,10428,100.0
497,89094V3154514,2021-08-02T00:00:00+02:00,14942,100.0
498,89094V3154514,2021-08-03T00:00:00+02:00,15474,100.0
499,89094V3154514,2021-08-04T00:00:00+02:00,16339,100.0
500,89094V3154514,2021-08-05T00:00:00+02:00,16546,100.0
501,89094V3154514,2021-08-06T00:00:00+02:00,15913,100.0
502,89094V3154514,2021-08-07T00:00:00+02:00,12760,100.0
503,89094V3154514,2021-08-08T00:00:00+02:00,12960,100.0
504,60739V625530,2021-08-01T00:00:00+02:00,10680,100.0
505,60739V625530,2021-08-02T00:00:00+02:00,22502,100.0
506,60739V625530,2021-08-03T00:00:00+02:00,22045,100.0
507,60739V625530,2021-08-04T00:00:00+02:00,22417,100.0
508,60739V625530,2021-08-05T00:00:00+02:00,22635,100.0
509,60739V625530,2021-08-06T00:00:00+02:00,22134,100.0
510,60739V625530,2021-08-07T00:00:00+02:00,13411,100.0
511,60739V625530,2021-08-08T00:00:00+02:00,12119,100.0
512,48379V625405,2021-08-01T00:00:00+02:00,40469,100.0
513,48379V625405,2021-08-02T00:00:00+02:00,63569,100.0
514,48379V625405,2021-08-03T00:00:00+02:00,63255,100.0
515,48379V625405,2021-08-04T00:00:00+02:00,64248,100.0
516,48379V625405,2021-08-05T00:00:00+02:00,65971,100.0
517,48379V625405,2021-08-06T00:00:00+02:00,63136,100.0
518,48379V625405,2021-08-07T00:00:00+02:00,46109,100.0
519,48379V625405,2021-08-08T00:00:00+02:00,48326,100.0
520,68539V625646,2021-08-01T00:00:00+02:00,13927,100.0
521,68539V625646,2021-08-02T00:00:00+02:00,25689,100.0
522,68539V625646,2021-08-03T00:00:00+02:00,25449,100.0
523,68539V625646,2021-08-04T00:00:00+02:00,25825,100.0
524,68539V625646,2021-08-05T00:00:00+02:00,25988,100.0
525,68539V625646,2021-08-06T00:00:00+02:00,24963,100.0
526,68539V625646,2021-08-07T00:00:00+02:00,18230,100.0
527,68539V625646,2021-08-08T00:00:00+02:00,15620,100.0
528,61469V605671,2021-08-01T00:00:00+02:00,8138,100.0
529,61469V605671,2021-08-02T00:00:00+02:00,12541,100.0
530,61469V605671,2021-08-03T00:00:00+02:00,12116,100.0
531,61469V605671,2021-08-04T00:00:00+02:00,12230,100.0
532,61469V605671,2021-08-05T00:00:00+02:00,12351,100.0
533,61469V605671,2021-08-06T00:00:00+02:00,12589,100.0
534,61469V605671,2021-08-07T00:00:00+02:00,10059,100.0
535,61469V605671,2021-08-08T00:00:00+02:00,9143,100.0
536,04525V625637,2021-08-01T00:00:00+02:00,2487,100.0
537,04525V625637,2021-08-02T00:00:00+02:00,5196,100.0
538,04525V625637,2021-08-03T00:00:00+02:00,5263,100.0
539,04525V625637,2021-08-04T00:00:00+02:00,5478,100.0
540,04525V625637,2021-08-05T00:00:00+02:00,5269,100.0
541,04525V625637,2021-08-06T00:00:00+02:00,5378,100.0
542,04525V625637,2021-08-07T00:00:00+02:00,2979,100.0
543,04525V625637,2021-08-08T00:00:00+02:00,2724,100.0
544,51029V625643,2021-08-01T00:00:00+02:00,7973,100.0
545,51029V625643,2021-08-02T00:00:00+02:00,10507,100.0
546,51029V625643,2021-08-03T00:00:00+02:00,10566,100.0
547,51029V625643,2021-08-04T00:00:00+02:00,10442,100.0
548,51029V625643,2021-08-05T00:00:00+02:00,10869,100.0
549,51029V625643,2021-08-06T00:00:00+02:00,10450,100.0
550,51029V625643,2021-08-07T00:00:00+02:00,8610,100.0
551,51029V625643,2021-08-08T00:00:00+02:00,9191,100.0
552,83468V625530,2021-08-01T00:00:00+02:00,4119,100.0
553,83468V625530,2021-08-02T00:00:00+02:00,9434,100.0
554,83468V625530,2021-08-03T00:00:00+02:00,9468,100.0
555,83468V625530,2021-08-04T00:00:00+02:00,9771,100.0
556,83468V625530,2021-08-05T00:00:00+02:00,9513,100.0
557,83468V625530,2021-08-06T00:00:00+02:00,9369,100.0
558,83468V625530,2021-08-07T00:00:00+02:00,5292,100.0
559,83468V625530,2021-08-08T00:00:00+02:00,4521,100.0
560,91334V625635,2021-08-01T00:00:00+02:00,2198,100.0
561,91334V625635,2021-08-02T00:00:00+02:00,3422,100.0
562,91334V625635,2021-08-03T00:00:00+02:00,3329,100.0
563,91334V625635,2021-08-04T00:00:00+02:00,3334,100.0
564,91334V625635,2021-08-05T00:00:00+02:00,3410,100.0
565,91334V625635,2021-08-06T00:00:00+02:00,3252,100.0
566,91334V625635,2021-08-07T00:00:00+02:00,2729,100.0
567,91334V625635,2021-08-08T00:00:00+02:00,2477,100.0
568,66410V625367,2021-08-01T00:00:00+02:00,19678,100.0
569,66410V625367,2021-08-02T00:00:00+02:00,26483,100.0
570,66410V625367,2021-08-03T00:00:00+02:00,26503,100.0
571,66410V625367,2021-08-04T00:00:00+02:00,26879,100.0
572,66410V625367,2021-08-05T00:00:00+02:00,27462,100.0
573,66410V625367,2021-08-06T00:00:00+02:00,27053,100.0
574,66410V625367,2021-08-07T00:00:00+02:00,22111,100.0
575,66410V625367,2021-08-08T00:00:00+02:00,22392,100.0
576,73840V2041694,2021-08-01T00:00:00+02:00,13419,100.0
577,73840V2041694,2021-08-02T00:00:00+02:00,16302,100.0
578,73840V2041694,2021-08-03T00:00:00+02:00,16359,100.0
579,73840V2041694,2021-08-04T00:00:00+02:00,16262,100.0
580,73840V2041694,2021-08-05T00:00:00+02:00,16803,100.0
581,73840V2041694,2021-08-06T00:00:00+02:00,17162,100.0
582,73840V2041694,2021-08-07T00:00:00+02:00,14669,100.0
583,73840V2041694,2021-08-08T00:00:00+02:00,14222,100.0
584,13447V625213,2021-08-03T00:00:00+02:00,81456,95.83
585,13447V625213,2021-08-04T00:00:00+02:00,83574,100.0
586,13447V625213,2021-08-05T00:00:00+02:00,85462,100.0
587,13447V625213,2021-08-06T00:00:00+02:00,82769,100.0
588,13447V625213,2021-08-07T00:00:00+02:00,65175,100.0
589,13447V625213,2021-08-08T00:00:00+02:00,63815,100.0
590,49763V2367192,2021-08-01T00:00:00+02:00,8777,100.0
591,49763V2367192,2021-08-02T00:00:00+02:00,21646,100.0
592,49763V2367192,2021-08-03T00:00:00+02:00,21205,100.0
593,49763V2367192,2021-08-04T00:00:00+02:00,21255,100.0
594,49763V2367192,2021-08-05T00:00:00+02:00,21452,100.0
595,49763V2367192,2021-08-06T00:00:00+02:00,20790,100.0
596,49763V2367192,2021-08-07T00:00:00+02:00,13115,100.0
597,49763V2367192,2021-08-08T00:00:00+02:00,9947,100.0
598,06154V625229,2021-08-01T00:00:00+02:00,6182,100.0
599,06154V625229,2021-08-02T00:00:00+02:00,9068,100.0
600,06154V625229,2021-08-03T00:00:00+02:00,9062,100.0
601,06154V625229,2021-08-04T00:00:00+02:00,9274,100.0
602,06154V625229,2021-08-05T00:00:00+02:00,9194,100.0
603,06154V625229,2021-08-06T00:00:00+02:00,9222,100.0
604,06154V625229,2021-08-07T00:00:00+02:00,7515,100.0
605,06154V625229,2021-08-08T00:00:00+02:00,6944,100.0
606,33808V625649,2021-08-01T00:00:00+02:00,38786,100.0
607,33808V625649,2021-08-02T00:00:00+02:00,52472,100.0
608,33808V625649,2021-08-03T00:00:00+02:00,50534,100.0
609,33808V625649,2021-08-04T00:00:00+02:00,51152,100.0
610,33808V625649,2021-08-05T00:00:00+02:00,52211,100.0
611,33808V625649,2021-08-06T00:00:00+02:00,52770,100.0
612,33808V625649,2021-08-07T00:00:00+02:00,41344,100.0
613,33808V625649,2021-08-08T00:00:00+02:00,41176,100.0
614,94345V625367,2021-08-01T00:00:00+02:00,14132,100.0
615,94345V625367,2021-08-02T00:00:00+02:00,19803,100.0
616,94345V625367,2021-08-03T00:00:00+02:00,19686,100.0
617,94345V625367,2021-08-04T00:00:00+02:00,19941,100.0
618,94345V625367,2021-08-05T00:00:00+02:00,20843,100.0
619,94345V625367,2021-08-06T00:00:00+02:00,20062,100.0
620,94345V625367,2021-08-07T00:00:00+02:00,15261,100.0
621,94345V625367,2021-08-08T00:00:00+02:00,16233,100.0
622,14231V2545190,2021-08-01T00:00:00+02:00,608,100.0
623,14231V2545190,2021-08-02T00:00:00+02:00,1704,100.0
624,14231V2545190,2021-08-03T00:00:00+02:00,1734,100.0
625,14231V2545190,2021-08-04T00:00:00+02:00,1710,100.0
626,14231V2545190,2021-08-05T00:00:00+02:00,1722,100.0
627,14231V2545190,2021-08-06T00:00:00+02:00,1616,100.0
628,14231V2545190,2021-08-07T00:00:00+02:00,749,100.0
629,14231V2545190,2021-08-08T00:00:00+02:00,639,100.0
630,81446V625466,2021-08-01T00:00:00+02:00,926,100.0
631,81446V625466,2021-08-02T00:00:00+02:00,1851,100.0
632,81446V625466,2021-08-03T00:00:00+02:00,1857,100.0
633,81446V625466,2021-08-04T00:00:00+02:00,1811,100.0
634,81446V625466,2021-08-05T00:00:00+02:00,1772,100.0
635,81446V625466,2021-08-06T00:00:00+02:00,1676,100.0
636,81446V625466,2021-08-07T00:00:00+02:00,1623,100.0
637,81446V625466,2021-08-08T00:00:00+02:00,1039,100.0
638,62500V2791531,2021-08-01T00:00:00+02:00,656,100.0
639,62500V2791531,2021-08-02T00:00:00+02:00,1688,100.0
640,62500V2791531,2021-08-03T00:00:00+02:00,1694,100.0
641,62500V2791531,2021-08-04T00:00:00+02:00,1658,100.0
642,62500V2791531,2021-08-05T00:00:00+02:00,1683,100.0
643,62500V2791531,2021-08-06T00:00:00+02:00,1545,100.0
644,62500V2791531,2021-08-07T00:00:00+02:00,1541,100.0
645,62500V2791531,2021-08-08T00:00:00+02:00,826,100.0
646,67570V625213,2021-08-01T00:00:00+02:00,13793,100.0
647,67570V625213,2021-08-02T00:00:00+02:00,19979,100.0
648,67570V625213,2021-08-03T00:00:00+02:00,19403,100.0
649,67570V625213,2021-08-04T00:00:00+02:00,20026,100.0
650,67570V625213,2021-08-05T00:00:00+02:00,20601,100.0
651,67570V625213,2021-08-06T00:00:00+02:00,20476,100.0
652,67570V625213,2021-08-07T00:00:00+02:00,14051,100.0
653,67570V625213,2021-08-08T00:00:00+02:00,13879,100.0
654,84851V605851,2021-08-01T00:00:00+02:00,6874,100.0
655,84851V605851,2021-08-02T00:00:00+02:00,9774,100.0
656,84851V605851,2021-08-03T00:00:00+02:00,10016,100.0
657,84851V605851,2021-08-04T00:00:00+02:00,9797,100.0
658,84851V605851,2021-08-05T00:00:00+02:00,10244,100.0
659,84851V605851,2021-08-06T00:00:00+02:00,10542,100.0
660,84851V605851,2021-08-07T00:00:00+02:00,8493,100.0
661,84851V605851,2021-08-08T00:00:00+02:00,7721,100.0
662,51716V625406,2021-08-01T00:00:00+02:00,31607,100.0
663,51716V625406,2021-08-02T00:00:00+02:00,46524,100.0
664,51716V625406,2021-08-03T00:00:00+02:00,46241,100.0
665,51716V625406,2021-08-04T00:00:00+02:00,47406,100.0
666,51716V625406,2021-08-05T00:00:00+02:00,48268,100.0
667,51716V625406,2021-08-06T00:00:00+02:00,47004,100.0
668,51716V625406,2021-08-07T00:00:00+02:00,36891,100.0
669,51716V625406,2021-08-08T00:00:00+02:00,37310,100.0
670,02924V625304,2021-08-01T00:00:00+02:00,1350,100.0
671,02924V625304,2021-08-02T00:00:00+02:00,1561,100.0
672,02924V625304,2021-08-03T00:00:00+02:00,1556,100.0
673,02924V625304,2021-08-04T00:00:00+02:00,1727,100.0
674,02924V625304,2021-08-05T00:00:00+02:00,1684,100.0
675,02924V625304,2021-08-06T00:00:00+02:00,1495,100.0
676,02924V625304,2021-08-07T00:00:00+02:00,1481,100.0
677,02924V625304,2021-08-08T00:00:00+02:00,1724,100.0
678,90310V625649,2021-08-01T00:00:00+02:00,29609,100.0
679,90310V625649,2021-08-02T00:00:00+02:00,39731,100.0
680,90310V625649,2021-08-03T00:00:00+02:00,39882,100.0
681,90310V625649,2021-08-04T00:00:00+02:00,40959,100.0
682,90310V625649,2021-08-05T00:00:00+02:00,41758,100.0
683,90310V625649,2021-08-06T00:00:00+02:00,40883,100.0
684,90310V625649,2021-08-07T00:00:00+02:00,32681,100.0
685,90310V625649,2021-08-08T00:00:00+02:00,33072,100.0
686,59192V1878201,2021-08-01T00:00:00+02:00,26511,100.0
687,59192V1878201,2021-08-02T00:00:00+02:00,41581,100.0
688,59192V1878201,2021-08-03T00:00:00+02:00,38833,100.0
689,59192V1878201,2021-08-04T00:00:00+02:00,39286,100.0
690,59192V1878201,2021-08-05T00:00:00+02:00,40288,100.0
691,59192V1878201,2021-08-06T00:00:00+02:00,39560,100.0
692,59192V1878201,2021-08-07T00:00:00+02:00,31546,100.0
693,59192V1878201,2021-08-08T00:00:00+02:00,32607,100.0
694,18934V625464,2021-08-01T00:00:00+02:00,358,100.0
695,18934V625464,2021-08-02T00:00:00+02:00,1907,100.0
696,18934V625464,2021-08-03T00:00:00+02:00,1835,100.0
697,18934V625464,2021-08-04T00:00:00+02:00,1838,100.0
698,18934V625464,2021-08-05T00:00:00+02:00,1865,100.0
699,18934V625464,2021-08-06T00:00:00+02:00,1909,100.0
700,18934V625464,2021-08-07T00:00:00+02:00,1556,100.0
701,18934V625464,2021-08-08T00:00:00+02:00,516,100.0
702,19702V625216,2021-08-01T00:00:00+02:00,10720,100.0
703,19702V625216,2021-08-02T00:00:00+02:00,16122,100.0
704,19702V625216,2021-08-03T00:00:00+02:00,16623,100.0
705,19702V625216,2021-08-04T00:00:00+02:00,16646,100.0
706,19702V625216,2021-08-05T00:00:00+02:00,16902,100.0
707,19702V625216,2021-08-06T00:00:00+02:00,16631,100.0
708,19702V625216,2021-08-07T00:00:00+02:00,14036,100.0
709,19702V625216,2021-08-08T00:00:00+02:00,13820,100.0
710,64557V625518,2021-08-01T00:00:00+02:00,8267,100.0
711,64557V625518,2021-08-02T00:00:00+02:00,11163,100.0
712,64557V625518,2021-08-03T00:00:00+02:00,11765,100.0
713,64557V625518,2021-08-04T00:00:00+02:00,11925,100.0
714,64557V625518,2021-08-05T00:00:00+02:00,11861,100.0
715,64557V625518,2021-08-06T00:00:00+02:00,12166,100.0
716,64557V625518,2021-08-07T00:00:00+02:00,10566,100.0
717,64557V625518,2021-08-08T00:00:00+02:00,9194,100.0
718,54588V625325,2021-08-01T00:00:00+02:00,4760,100.0
719,54588V625325,2021-08-02T00:00:00+02:00,7488,100.0
720,54588V625325,2021-08-03T00:00:00+02:00,7654,100.0
721,54588V625325,2021-08-04T00:00:00+02:00,7751,100.0
722,54588V625325,2021-08-05T00:00:00+02:00,7866,100.0
723,54588V625325,2021-08-06T00:00:00+02:00,7792,100.0
724,54588V625325,2021-08-07T00:00:00+02:00,6314,100.0
725,54588V625325,2021-08-08T00:00:00+02:00,5688,100.0
726,48146B618224,2021-08-01T00:00:00+02:00,464,100.0
727,48146B618224,2021-08-02T00:00:00+02:00,1481,100.0
728,48146B618224,2021-08-03T00:00:00+02:00,1542,100.0
729,48146B618224,2021-08-04T00:00:00+02:00,1539,100.0
730,48146B618224,2021-08-05T00:00:00+02:00,1608,100.0
731,48146B618224,2021-08-06T00:00:00+02:00,1279,100.0
732,48146B618224,2021-08-07T00:00:00+02:00,673,100.0
733,48146B618224,2021-08-08T00:00:00+02:00,750,100.0
734,09312B624437,2021-08-01T00:00:00+02:00,124,97.92
735,09312B624437,2021-08-02T00:00:00+02:00,514,99.25
736,09312B624437,2021-08-03T00:00:00+02:00,497,99.77
737,09312B624437,2021-08-04T00:00:00+02:00,470,99.43
738,09312B624437,2021-08-05T00:00:00+02:00,408,99.41
739,09312B624437,2021-08-06T00:00:00+02:00,352,98.87
740,09312B624437,2021-08-07T00:00:00+02:00,182,99.17
741,09312B624437,2021-08-08T00:00:00+02:00,231,98.56
742,10287V2312216,2021-08-01T00:00:00+02:00,20281,100.0
743,10287V2312216,2021-08-02T00:00:00+02:00,26926,100.0
744,10287V2312216,2021-08-03T00:00:00+02:00,27122,100.0
745,10287V2312216,2021-08-04T00:00:00+02:00,27599,100.0
746,10287V2312216,2021-08-05T00:00:00+02:00,28125,100.0
747,10287V2312216,2021-08-06T00:00:00+02:00,27070,100.0
748,10287V2312216,2021-08-07T00:00:00+02:00,22034,100.0
749,10287V2312216,2021-08-08T00:00:00+02:00,22978,100.0
750,37866V625564,2021-08-01T00:00:00+02:00,1887,100.0
751,37866V625564,2021-08-02T00:00:00+02:00,2680,100.0
752,37866V625564,2021-08-03T00:00:00+02:00,2694,100.0
753,37866V625564,2021-08-04T00:00:00+02:00,2692,100.0
754,37866V625564,2021-08-05T00:00:00+02:00,2815,100.0
755,37866V625564,2021-08-06T00:00:00+02:00,2740,100.0
756,37866V625564,2021-08-07T00:00:00+02:00,2439,100.0
757,37866V625564,2021-08-08T00:00:00+02:00,2016,100.0
758,07752V625591,2021-08-01T00:00:00+02:00,3939,100.0
759,07752V625591,2021-08-02T00:00:00+02:00,5793,100.0
760,07752V625591,2021-08-03T00:00:00+02:00,5925,100.0
761,07752V625591,2021-08-04T00:00:00+02:00,6021,100.0
762,07752V625591,2021-08-05T00:00:00+02:00,6297,100.0
763,07752V625591,2021-08-06T00:00:00+02:00,5980,100.0
764,07752V625591,2021-08-07T00:00:00+02:00,4289,100.0
765,07752V625591,2021-08-08T00:00:00+02:00,4218,100.0
766,17839V604335,2021-08-01T00:00:00+02:00,6510,100.0
767,17839V604335,2021-08-02T00:00:00+02:00,8091,100.0
768,17839V604335,2021-08-03T00:00:00+02:00,8028,100.0
769,17839V604335,2021-08-04T00:00:00+02:00,8383,100.0
770,17839V604335,2021-08-05T00:00:00+02:00,8161,100.0
771,17839V604335,2021-08-06T00:00:00+02:00,7847,100.0
772,17839V604335,2021-08-07T00:00:00+02:00,7952,100.0
773,17839V604335,2021-08-08T00:00:00+02:00,7769,100.0
774,08916V625376,2021-08-01T00:00:00+02:00,3609,100.0
775,08916V625376,2021-08-02T00:00:00+02:00,5290,100.0
776,08916V625376,2021-08-03T00:00:00+02:00,5190,100.0
777,08916V625376,2021-08-04T00:00:00+02:00,5181,100.0
778,08916V625376,2021-08-05T00:00:00+02:00,5255,100.0
779,08916V625376,2021-08-06T00:00:00+02:00,5220,100.0
780,08916V625376,2021-08-07T00:00:00+02:00,4373,100.0
781,08916V625376,2021-08-08T00:00:00+02:00,4259,100.0
782,47044V625502,2021-08-01T00:00:00+02:00,10816,100.0
783,47044V625502,2021-08-02T00:00:00+02:00,14293,100.0
784,47044V625502,2021-08-03T00:00:00+02:00,14231,100.0
785,47044V625502,2021-08-04T00:00:00+02:00,14107,100.0
786,47044V625502,2021-08-05T00:00:00+02:00,14414,100.0
787,47044V625502,2021-08-06T00:00:00+02:00,14383,100.0
788,47044V625502,2021-08-07T00:00:00+02:00,11526,100.0
789,47044V625502,2021-08-08T00:00:00+02:00,11842,100.0
790,49767V625292,2021-08-01T00:00:00+02:00,18867,100.0
791,49767V625292,2021-08-02T00:00:00+02:00,26984,100.0
792,49767V625292,2021-08-03T00:00:00+02:00,27022,100.0
793,49767V625292,2021-08-04T00:00:00+02:00,27734,100.0
794,49767V625292,2021-08-05T00:00:00+02:00,27975,100.0
795,49767V625292,2021-08-06T00:00:00+02:00,26778,100.0
796,49767V625292,2021-08-07T00:00:00+02:00,22775,100.0
797,49767V625292,2021-08-08T00:00:00+02:00,23775,100.0
798,08491V625275,2021-08-01T00:00:00+02:00,2651,100.0
799,08491V625275,2021-08-02T00:00:00+02:00,7287,100.0
800,08491V625275,2021-08-03T00:00:00+02:00,7034,100.0
801,08491V625275,2021-08-04T00:00:00+02:00,6772,100.0
802,08491V625275,2021-08-05T00:00:00+02:00,6987,100.0
803,08491V625275,2021-08-06T00:00:00+02:00,6729,100.0
804,08491V625275,2021-08-07T00:00:00+02:00,4773,100.0
805,08491V625275,2021-08-08T00:00:00+02:00,2997,100.0
806,23369V625215,2021-08-01T00:00:00+02:00,36149,100.0
807,23369V625215,2021-08-02T00:00:00+02:00,44696,100.0
808,23369V625215,2021-08-03T00:00:00+02:00,42887,100.0
809,23369V625215,2021-08-04T00:00:00+02:00,44085,100.0
810,23369V625215,2021-08-05T00:00:00+02:00,45133,100.0
811,23369V625215,2021-08-06T00:00:00+02:00,45195,100.0
812,23369V625215,2021-08-07T00:00:00+02:00,35262,100.0
813,23369V625215,2021-08-08T00:00:00+02:00,39561,100.0
814,89787V605343,2021-08-01T00:00:00+02:00,7761,100.0
815,89787V605343,2021-08-02T00:00:00+02:00,10028,100.0
816,89787V605343,2021-08-03T00:00:00+02:00,10110,100.0
817,89787V605343,2021-08-04T00:00:00+02:00,10273,100.0
818,89787V605343,2021-08-05T00:00:00+02:00,10560,100.0
819,89787V605343,2021-08-06T00:00:00+02:00,10469,100.0
820,89787V605343,2021-08-07T00:00:00+02:00,8758,100.0
821,89787V605343,2021-08-08T00:00:00+02:00,9160,100.0
822,18089V625292,2021-08-01T00:00:00+02:00,12897,100.0
823,18089V625292,2021-08-02T00:00:00+02:00,19188,100.0
824,18089V625292,2021-08-03T00:00:00+02:00,19524,100.0
825,18089V625292,2021-08-04T00:00:00+02:00,19713,100.0
826,18089V625292,2021-08-05T00:00:00+02:00,20141,100.0
827,18089V625292,2021-08-06T00:00:00+02:00,19404,100.0
828,18089V625292,2021-08-07T00:00:00+02:00,15917,100.0
829,18089V625292,2021-08-08T00:00:00+02:00,16580,100.0
830,51368V625246,2021-08-01T00:00:00+02:00,580,100.0
831,51368V625246,2021-08-02T00:00:00+02:00,1167,100.0
832,51368V625246,2021-08-03T00:00:00+02:00,1294,100.0
833,51368V625246,2021-08-04T00:00:00+02:00,1272,100.0
834,51368V625246,2021-08-05T00:00:00+02:00,1290,100.0
835,51368V625246,2021-08-06T00:00:00+02:00,1432,100.0
836,51368V625246,2021-08-07T00:00:00+02:00,748,100.0
837,51368V625246,2021-08-08T00:00:00+02:00,674,100.0
838,21745B1996708,2021-08-01T00:00:00+02:00,478,100.0
839,21745B1996708,2021-08-02T00:00:00+02:00,1965,100.0
840,21745B1996708,2021-08-03T00:00:00+02:00,1904,100.0
841,21745B1996708,2021-08-04T00:00:00+02:00,1875,100.0
842,21745B1996708,2021-08-05T00:00:00+02:00,1819,100.0
843,21745B1996708,2021-08-06T00:00:00+02:00,1432,100.0
844,21745B1996708,2021-08-07T00:00:00+02:00,889,100.0
845,21745B1996708,2021-08-08T00:00:00+02:00,1116,100.0
846,12357V625212,2021-08-01T00:00:00+02:00,44231,100.0
847,12357V625212,2021-08-02T00:00:00+02:00,60358,100.0
848,12357V625212,2021-08-03T00:00:00+02:00,59527,100.0
849,12357V625212,2021-08-04T00:00:00+02:00,61028,100.0
850,12357V625212,2021-08-05T00:00:00+02:00,62523,100.0
851,12357V625212,2021-08-06T00:00:00+02:00,62392,100.0
852,12357V625212,2021-08-07T00:00:00+02:00,49045,100.0
853,12357V625212,2021-08-08T00:00:00+02:00,50357,100.0
854,81732V625378,2021-08-01T00:00:00+02:00,1092,100.0
855,81732V625378,2021-08-02T00:00:00+02:00,1547,100.0
856,81732V625378,2021-08-03T00:00:00+02:00,1537,100.0
857,81732V625378,2021-08-04T00:00:00+02:00,1423,100.0
858,81732V625378,2021-08-05T00:00:00+02:00,1511,100.0
859,81732V625378,2021-08-06T00:00:00+02:00,1554,100.0
860,81732V625378,2021-08-07T00:00:00+02:00,1178,100.0
861,81732V625378,2021-08-08T00:00:00+02:00,1111,100.0
862,76587V3152664,2021-08-01T00:00:00+02:00,134,100.0
863,76587V3152664,2021-08-02T00:00:00+02:00,295,100.0
864,76587V3152664,2021-08-03T00:00:00+02:00,253,100.0
865,76587V3152664,2021-08-04T00:00:00+02:00,275,100.0
866,76587V3152664,2021-08-05T00:00:00+02:00,312,100.0
867,76587V3152664,2021-08-06T00:00:00+02:00,290,100.0
868,76587V3152664,2021-08-07T00:00:00+02:00,150,100.0
869,76587V3152664,2021-08-08T00:00:00+02:00,149,100.0
870,62991V604777,2021-08-01T00:00:00+02:00,7984,100.0
871,62991V604777,2021-08-02T00:00:00+02:00,8625,100.0
872,62991V604777,2021-08-03T00:00:00+02:00,8602,100.0
873,62991V604777,2021-08-04T00:00:00+02:00,9094,100.0
874,62991V604777,2021-08-05T00:00:00+02:00,9359,100.0
875,62991V604777,2021-08-06T00:00:00+02:00,10097,100.0
876,62991V604777,2021-08-07T00:00:00+02:00,8972,100.0
877,62991V604777,2021-08-08T00:00:00+02:00,8435,100.0
878,77883V625445,2021-08-01T00:00:00+02:00,4182,100.0
879,77883V625445,2021-08-02T00:00:00+02:00,6368,100.0
880,77883V625445,2021-08-03T00:00:00+02:00,6461,100.0
881,77883V625445,2021-08-04T00:00:00+02:00,6525,100.0
882,77883V625445,2021-08-05T00:00:00+02:00,6795,100.0
883,77883V625445,2021-08-06T00:00:00+02:00,6600,100.0
884,77883V625445,2021-08-07T00:00:00+02:00,5050,100.0
885,77883V625445,2021-08-08T00:00:00+02:00,5067,100.0
886,32135V604101,2021-08-01T00:00:00+02:00,5646,100.0
887,32135V604101,2021-08-02T00:00:00+02:00,8076,100.0
888,32135V604101,2021-08-03T00:00:00+02:00,7916,100.0
889,32135V604101,2021-08-04T00:00:00+02:00,7866,100.0
890,32135V604101,2021-08-05T00:00:00+02:00,8246,100.0
891,32135V604101,2021-08-06T00:00:00+02:00,8514,100.0
892,32135V604101,2021-08-07T00:00:00+02:00,6694,100.0
893,32135V604101,2021-08-08T00:00:00+02:00,6567,100.0
894,88690B2639744,2021-08-01T00:00:00+02:00,487,100.0
895,88690B2639744,2021-08-02T00:00:00+02:00,1471,100.0
896,88690B2639744,2021-08-03T00:00:00+02:00,1498,100.0
897,88690B2639744,2021-08-04T00:00:00+02:00,1510,100.0
898,88690B2639744,2021-08-05T00:00:00+02:00,1419,100.0
899,88690B2639744,2021-08-06T00:00:00+02:00,1199,100.0
900,88690B2639744,2021-08-07T00:00:00+02:00,696,100.0
901,88690B2639744,2021-08-08T00:00:00+02:00,955,100.0
902,87434V625212,2021-08-01T00:00:00+02:00,32038,100.0
903,87434V625212,2021-08-02T00:00:00+02:00,43564,100.0
904,87434V625212,2021-08-03T00:00:00+02:00,42605,100.0
905,87434V625212,2021-08-04T00:00:00+02:00,43726,100.0
906,87434V625212,2021-08-05T00:00:00+02:00,44414,100.0
907,87434V625212,2021-08-06T00:00:00+02:00,44028,100.0
908,87434V625212,2021-08-07T00:00:00+02:00,35610,100.0
909,87434V625212,2021-08-08T00:00:00+02:00,36253,100.0
910,71241V2460301,2021-08-01T00:00:00+02:00,10336,100.0
911,71241V2460301,2021-08-02T00:00:00+02:00,12582,100.0
912,71241V2460301,2021-08-03T00:00:00+02:00,12888,100.0
913,71241V2460301,2021-08-04T00:00:00+02:00,12828,100.0
914,71241V2460301,2021-08-05T00:00:00+02:00,12869,100.0
915,71241V2460301,2021-08-06T00:00:00+02:00,13454,100.0
916,71241V2460301,2021-08-07T00:00:00+02:00,11354,100.0
917,71241V2460301,2021-08-08T00:00:00+02:00,10702,100.0
918,31429V2791530,2021-08-01T00:00:00+02:00,337,100.0
919,31429V2791530,2021-08-02T00:00:00+02:00,1868,100.0
920,31429V2791530,2021-08-03T00:00:00+02:00,1873,100.0
921,31429V2791530,2021-08-04T00:00:00+02:00,1894,100.0
922,31429V2791530,2021-08-05T00:00:00+02:00,1886,100.0
923,31429V2791530,2021-08-06T00:00:00+02:00,2118,100.0
924,31429V2791530,2021-08-07T00:00:00+02:00,1490,100.0
925,31429V2791530,2021-08-08T00:00:00+02:00,473,100.0
926,02087V625292,2021-08-03T00:00:00+02:00,15215,54.17
927,02087V625292,2021-08-04T00:00:00+02:00,20527,100.0
928,02087V625292,2021-08-05T00:00:00+02:00,20871,100.0
929,02087V625292,2021-08-06T00:00:00+02:00,20166,100.0
930,02087V625292,2021-08-07T00:00:00+02:00,16218,100.0
931,02087V625292,2021-08-08T00:00:00+02:00,16577,100.0
932,29403V625517,2021-08-01T00:00:00+02:00,10647,100.0
933,29403V625517,2021-08-02T00:00:00+02:00,13043,100.0
934,29403V625517,2021-08-03T00:00:00+02:00,13215,100.0
935,29403V625517,2021-08-04T00:00:00+02:00,12529,100.0
936,29403V625517,2021-08-05T00:00:00+02:00,13326,100.0
937,29403V625517,2021-08-06T00:00:00+02:00,13922,100.0
938,29403V625517,2021-08-07T00:00:00+02:00,11399,100.0
939,29403V625517,2021-08-08T00:00:00+02:00,11037,100.0
940,29852V2460300,2021-08-01T00:00:00+02:00,10624,100.0
941,29852V2460300,2021-08-02T00:00:00+02:00,11988,100.0
942,29852V2460300,2021-08-03T00:00:00+02:00,12037,100.0
943,29852V2460300,2021-08-04T00:00:00+02:00,12070,100.0
944,29852V2460300,2021-08-05T00:00:00+02:00,12325,100.0
945,29852V2460300,2021-08-06T00:00:00+02:00,12675,100.0
946,29852V2460300,2021-08-07T00:00:00+02:00,11252,100.0
947,29852V2460300,2021-08-08T00:00:00+02:00,10911,100.0
